{
    "Replica": {
        "office0": {
            "PLANE_ICP": {
                "ATE": 0.009218136845309245,
                "AAE": 0.6813786529722292
            },
            "ICP": {
                "ATE": 0.009828920575153843,
                "AAE": 0.6397085400706546
            },
            "HYBRID": {
                "ATE": 0.009260470710823393,
                "AAE": 0.7093803001528893
            },
            "GICP": {
                "ATE": 0.009235954526542398,
                "AAE": 0.7091162762447387
            },
            "ours": {
                "ATE": 0.0001136,
                "AAE": 0.0092
            }
        },
        "room1": {
            "PLANE_ICP": {
                "ATE": 0.008545326798500322,
                "AAE": 0.771595331519191
            },
            "HYBRID": {
                "ATE": 0.008305277109664127,
                "AAE": 0.811948281179614
            },
            "GICP": {
                "ATE": 0.008277756846772226,
                "AAE": 0.8120269517624817
            },
            "ICP": {
                "ATE": 0.009345091608532669,
                "AAE": 0.6901135884024677
            },
            "ours": {
                "ATE": 0.0001272,
                "AAE": 0.0081
            }
        },
        "office4": {
            "PLANE_ICP": {
                "ATE": 0.013041102162928279,
                "AAE": 0.5583324238016412
            },
            "GICP": {
                "ATE": 0.012844602245591858,
                "AAE": 0.6244782506884774
            },
            "ICP": {
                "ATE": 0.013402050431974146,
                "AAE": 0.4185897042410004
            },
            "HYBRID": {
                "ATE": 0.01288694763489181,
                "AAE": 0.6249887648873795
            },
            "ours": {
                "ATE": 0.0001943,
                "AAE": 0.0108
            }
        },
        "office1": {
            "HYBRID": {
                "ATE": 0.005949668611968673,
                "AAE": 0.5412518999531623
            },
            "ICP": {
                "ATE": 0.006257844810962991,
                "AAE": 0.3360501298609102
            },
            "PLANE_ICP": {
                "ATE": 0.005897142489476554,
                "AAE": 0.5215786994390265
            },
            "GICP": {
                "ATE": 0.005905746094078801,
                "AAE": 0.5372479631737159
            },
            "ours": {
                "ATE": 0.0000937,
                "AAE": 0.0087
            }
        },
        "room2": {
            "HYBRID": {
                "ATE": 0.011828757316108688,
                "AAE": 0.7811090770352759
            },
            "ICP": {
                "ATE": 0.011167806470795957,
                "AAE": 0.5435629107555225
            },
            "GICP": {
                "ATE": 0.011831545557342829,
                "AAE": 0.7806502271994282
            },
            "PLANE_ICP": {
                "ATE": 0.011864373671664485,
                "AAE": 0.72265162118324
            },
            "ours": {
                "ATE": 0.0002052,
                "AAE": 0.0100
            }
        },
        "office2": {
            "ICP": {
                "ATE": 0.011942467747145465,
                "AAE": 0.43359553271679724
            },
            "GICP": {
                "ATE": 0.011754309249873772,
                "AAE": 0.6624031352825694
            },
            "PLANE_ICP": {
                "ATE": 0.011620425231809929,
                "AAE": 0.5820463852187063
            },
            "HYBRID": {
                "ATE": 0.012012526284780035,
                "AAE": 0.667409353130265
            },
            "ours": {
                "ATE": 0.0001836,
                "AAE": 0.0107
            }
        },
        "room0": {
            "ICP": {
                "ATE": 0.012862818688285479,
                "AAE": 0.42855613953828664
            },
            "PLANE_ICP": {
                "ATE": 0.012461519643353982,
                "AAE": 0.464926325320993
            },
            "HYBRID": {
                "ATE": 0.012475273309330381,
                "AAE": 0.47551622390311404
            },
            "GICP": {
                "ATE": 0.012502471121917812,
                "AAE": 0.4761471210747908
            },
            "ours": {
                "ATE": 0.0001519,
                "AAE": 0.0072
            }
        },
        "office3": {
            "ICP": {
                "ATE": 0.013342029024320344,
                "AAE": 0.2810756854209011
            },
            "PLANE_ICP": {
                "ATE": 0.01425645851000965,
                "AAE": 0.43794648071600284
            },
            "GICP": {
                "ATE": 0.014376723144929757,
                "AAE": 0.44595512322597475
            },
            "HYBRID": {
                "ATE": 0.014990679562373028,
                "AAE": 0.4489020237956806
            },
            "ours": {
                "ATE": 0.0002003,
                "AAE": 0.0093
            }
        }
    },
    "TUM": {
        "freiburg1_desk2": {
            "GICP": {
                "ATE": 0.03493094006634798,
                "AAE": 2.09771012942133
            },
            "ours": {
                "ATE": 0.01006467080353563,
                "AAE": 1.265491742759908
            },
            "ICP": {
                "ATE": 0.008263124512777763,
                "AAE": 1.5567344179800904
            },
            "HYBRID": {
                "ATE": 0.01880004539225674,
                "AAE": 1.7910670519987126
            },
            "PLANE_ICP": {
                "ATE": 0.019512051627959458,
                "AAE": 1.618028703652856
            }
        },
        "freiburg1_desk": {
            "ICP": {
                "ATE": 0.007198055538163964,
                "AAE": 1.1812398513177207
            },
            "ours": {
                "ATE": 0.009310321468721178,
                "AAE": 1.1263295053841953
            },
            "PLANE_ICP": {
                "ATE": 0.016589247789088817,
                "AAE": 1.2883301843641115
            },
            "HYBRID": {
                "ATE": 0.018336434170907332,
                "AAE": 1.3878816018601805
            },
            "GICP": {
                "ATE": 0.022647300773953605,
                "AAE": 1.4260948068155348
            }
        },
        "freiburg1_room": {
            "HYBRID": {
                "ATE": 0.013980406196051213,
                "AAE": 1.563696839251442
            },
            "ICP": {
                "ATE": 0.007440724280045329,
                "AAE": 1.3547035114489654
            },
            "PLANE_ICP": {
                "ATE": 0.01607241481816131,
                "AAE": 1.3630038961588138
            },
            "ours": {
                "ATE": 0.0066618738092843535,
                "AAE": 0.9072185591963973
            },
            "GICP": {
                "ATE": 0.027829045732082416,
                "AAE": 1.5940124490160028
            }
        },
        "freiburg2_xyz": {
            "GICP": {
                "ATE": 0.0028694736274749518,
                "AAE": 0.11372516974206438
            },
            "ours": {
                "ATE": 0.0024796385908429953,
                "AAE": 0.7890543848912203
            },
            "ICP": {
                "ATE": 0.0005446733031711187,
                "AAE": 0.138261620929117
            },
            "HYBRID": {
                "ATE": 0.0030505377541225256,
                "AAE": 0.18153819062009052
            },
            "PLANE_ICP": {
                "ATE": 0.0028118848079180655,
                "AAE": 0.1473715536622591
            }
        },
        "freiburg3_long_office_household": {
            "PLANE_ICP": {
                "ATE": 0.008950671671456599,
                "AAE": 0.38056867384114895
            },
            "HYBRID": {
                "ATE": 0.010190616786212098,