{
    "TUM": {
        "freiburg1_desk2": {
            "GICP": {
                "ATE": 0.03493094006634798,
                "AAE": 2.09771012942133
            },
            "gsplat_v4_filter_knn10-10": {
                "ATE": 0.01006467080353563,
                "AAE": 1.265491742759908
            },
            "ICP": {
                "ATE": 0.008263124512777763,
                "AAE": 1.5567344179800904
            },
            "HYBRID": {
                "ATE": 0.01880004539225674,
                "AAE": 1.7910670519987126
            },
            "PLANE_ICP": {
                "ATE": 0.019512051627959458,
                "AAE": 1.618028703652856
            }
        },
        "freiburg1_desk": {
            "ICP": {
                "ATE": 0.007198055538163964,
                "AAE": 1.1812398513177207
            },
            "gsplat_v4_filter_knn10-10": {
                "ATE": 0.009310321468721178,
                "AAE": 1.1263295053841953
            },
            "PLANE_ICP": {
                "ATE": 0.016589247789088817,
                "AAE": 1.2883301843641115
            },
            "HYBRID": {
                "ATE": 0.018336434170907332,
                "AAE": 1.3878816018601805
            },
            "GICP": {
                "ATE": 0.022647300773953605,
                "AAE": 1.4260948068155348
            }
        },
        "freiburg1_room": {
            "HYBRID": {
                "ATE": 0.013980406196051213,
                "AAE": 1.563696839251442
            },
            "ICP": {
                "ATE": 0.007440724280045329,
                "AAE": 1.3547035114489654
            },
            "PLANE_ICP": {
                "ATE": 0.01607241481816131,
                "AAE": 1.3630038961588138
            },
            "gsplat_v4_filter_knn10-10": {
                "ATE": 0.0066618738092843535,
                "AAE": 0.9072185591963973
            },
            "GICP": {
                "ATE": 0.027829045732082416,
                "AAE": 1.5940124490160028
            }
        },
        "freiburg2_xyz": {
            "GICP": {
                "ATE": 0.0028694736274749518,
                "AAE": 0.11372516974206438
            },
            "gsplat_v4_filter_knn10-10": {
                "ATE": 0.0024796385908429953,
                "AAE": 0.7890543848912203
            },
            "ICP": {
                "ATE": 0.0005446733031711187,
                "AAE": 0.138261620929117
            },
            "HYBRID": {
                "ATE": 0.0030505377541225256,
                "AAE": 0.18153819062009052
            },
            "PLANE_ICP": {
                "ATE": 0.0028118848079180655,
                "AAE": 0.1473715536622591
            }
        },
        "freiburg3_long_office_household": {
            "PLANE_ICP": {
                "ATE": 0.008950671671456599,
                "AAE": 0.38056867384114895
            },
            "HYBRID": {
                "ATE": 0.010190616786212098,
                "AAE": 0.5253053983911798
            },
            "gsplat_v4_filter_knn10-10": {
                "ATE": 0.011974489286711599,
                "AAE": 0.8082835497537473
            },
            "ICP": {
                "ATE": 0.005371213866705301,
                "AAE": 0.3470945447273432
            },
            "GICP": {
                "ATE": 0.009450288874598829,
                "AAE": 0.35480172129819
            }
        }
    }
}